Number,Church Account ID,Church Name,Region Update Input,Process Result
0,0011N00001tVRffQAG,Waypoint Community Church,"{""Houston_ISD_Region__c"": ""N/A"", ""ParentId"": """"}","[{""message"":""We can't save this record because the “Account Processes” process failed. Give your Salesforce admin these details. <b>An unhandled fault has occurred in this flow</b><br>An unhandled fault has occurred while processing the flow.  Please contact your system administrator for more information. Error ID: 731890615-37042 (-1916475814)ase contact your system administrator for more information. Error ID: 731890615-37042 (-1916475814)"",""errorCode"":""CANNOT_EXECUTE_FLOW_TRIGGER"",""fields"":[]}]"
1,0011N00001k079lQAA,Abundant Faith Christian Center,"{""Houston_ISD_Region__c"": ""N/A"", ""ParentId"": ""0011N000018j7KEQAY""}","[{""message"":""We can't save this record because the “Account Processes” process failed. Give your Salesforce admin these details. <b>An unhandled fault has occurred in this flow</b><br>An unhandled fault has occurred while processing the flow.  Please contact your system administrator for more information. Error ID: 1967159254-26263 (-1916475814)se contact your system administrator for more information. Error ID: 1967159254-26263 (-1916475814)"",""errorCode"":""CANNOT_EXECUTE_FLOW_TRIGGER"",""fields"":[]}]"
2,0011N000018j7d9QAA,Fellowship Community Church,"{""Houston_ISD_Region__c"": ""N/A"", ""ParentId"": ""0011N000018j7K4QAI""}","[{""message"":""We can't save this record because the “Account Processes” process failed. Give your Salesforce admin these details. <b>An unhandled fault has occurred in this flow</b><br>An unhandled fault has occurred while processing the flow.  Please contact your system administrator for more information. Error ID: 500881223-37056 (-1916475814)ase contact your system administrator for more information. Error ID: 500881223-37056 (-1916475814)"",""errorCode"":""CANNOT_EXECUTE_FLOW_TRIGGER"",""fields"":[]}]"
3,0011N000018j7d3QAA,Cypress Community Church,"{""Houston_ISD_Region__c"": ""N/A"", ""ParentId"": ""0011N000018j7K6QAI""}","[{""message"":""We can't save this record because the “Account Processes” process failed. Give your Salesforce admin these details. <b>An unhandled fault has occurred in this flow</b><br>An unhandled fault has occurred while processing the flow.  Please contact your system administrator for more information. Error ID: 731890615-37047 (-1916475814)ase contact your system administrator for more information. Error ID: 731890615-37047 (-1916475814)"",""errorCode"":""CANNOT_EXECUTE_FLOW_TRIGGER"",""fields"":[]}]"
4,0011N000018j7d0QAA,Covenant Methodist Church,"{""Houston_ISD_Region__c"": ""N/A"", ""ParentId"": ""0011N000018j7KCQAY""}","[{""message"":""We can't save this record because the “Account Processes” process failed. Give your Salesforce admin these details. <b>An unhandled fault has occurred in this flow</b><br>An unhandled fault has occurred while processing the flow.  Please contact your system administrator for more information. Error ID: 500881223-37061 (-1916475814)ase contact your system administrator for more information. Error ID: 500881223-37061 (-1916475814)"",""errorCode"":""CANNOT_EXECUTE_FLOW_TRIGGER"",""fields"":[]}]"
5,0011N00001K0hOTQAZ,The United Methodist Church of the Resurrection,,"[{""message"":""The HTTP entity body is required, but this request has no entity body."",""errorCode"":""JSON_PARSER_ERROR""}]"
6,0011N00001K11wxQAB,Mouth of God Ministries,"{""Houston_ISD_Region__c"": ""N/A"", ""ParentId"": ""0011N000018j7KNQAY""}","[{""message"":""We can't save this record because the “Account Processes” process failed. Give your Salesforce admin these details. <b>An unhandled fault has occurred in this flow</b><br>An unhandled fault has occurred while processing the flow.  Please contact your system administrator for more information. Error ID: 1042732179-27636 (-1916475814)se contact your system administrator for more information. Error ID: 1042732179-27636 (-1916475814)"",""errorCode"":""CANNOT_EXECUTE_FLOW_TRIGGER"",""fields"":[]}]"
7,0011N000018j7dXQAQ,Greater St. Matthew Baptist Church,"{""Houston_ISD_Region__c"": ""South"", ""ParentID"": ""0016t00000AmYsRAAV""}","[{""message"":""We can't save this record because the “Account Processes” process failed. Give your Salesforce admin these details. <b>An unhandled fault has occurred in this flow</b><br>An unhandled fault has occurred while processing the flow.  Please contact your system administrator for more information. Error ID: 92536548-23560 (-1916475814)ease contact your system administrator for more information. Error ID: 92536548-23560 (-1916475814)"",""errorCode"":""CANNOT_EXECUTE_FLOW_TRIGGER"",""fields"":[]}]"
8,0011N00001mg70YQAQ,Life Church Fort Bend,"{""Houston_ISD_Region__c"": ""N/A"", ""ParentId"": """"}","[{""message"":""We can't save this record because the “Account Processes” process failed. Give your Salesforce admin these details. <b>An unhandled fault has occurred in this flow</b><br>An unhandled fault has occurred while processing the flow.  Please contact your system administrator for more information. Error ID: 92536548-23562 (-1916475814)ease contact your system administrator for more information. Error ID: 92536548-23562 (-1916475814)"",""errorCode"":""CANNOT_EXECUTE_FLOW_TRIGGER"",""fields"":[]}]"
9,0011N00001k08PVQAY,Independence Heights Missionary Baptist Church,"{""Houston_ISD_Region__c"": ""Northwest"", ""ParentID"": ""0016t00000AmYsRAAV""}","[{""message"":""We can't save this record because the “Account Processes” process failed. Give your Salesforce admin these details. <b>An unhandled fault has occurred in this flow</b><br>An unhandled fault has occurred while processing the flow.  Please contact your system administrator for more information. Error ID: 92536548-23563 (-1916475814)ease contact your system administrator for more information. Error ID: 92536548-23563 (-1916475814)"",""errorCode"":""CANNOT_EXECUTE_FLOW_TRIGGER"",""fields"":[]}]"
10,0011N000018j7e5QAA,The Church at UH,"{""Houston_ISD_Region__c"": ""East"", ""ParentID"": ""0016t00000AmYsRAAV""}","[{""message"":""We can't save this record because the “Account Processes” process failed. Give your Salesforce admin these details. <b>An unhandled fault has occurred in this flow</b><br>An unhandled fault has occurred while processing the flow.  Please contact your system administrator for more information. Error ID: 1387039408-24338 (-1916475814)se contact your system administrator for more information. Error ID: 1387039408-24338 (-1916475814)"",""errorCode"":""CANNOT_EXECUTE_FLOW_TRIGGER"",""fields"":[]}]"
11,0011N000018j7dTQAQ,Grace Church - Humble,"{""Houston_ISD_Region__c"": ""N/A"", ""ParentId"": ""0011N000018j7KEQAY""}","[{""message"":""We can't save this record because the “Account Processes” process failed. Give your Salesforce admin these details. <b>An unhandled fault has occurred in this flow</b><br>An unhandled fault has occurred while processing the flow.  Please contact your system administrator for more information. Error ID: 1967159254-26287 (-1916475814)se contact your system administrator for more information. Error ID: 1967159254-26287 (-1916475814)"",""errorCode"":""CANNOT_EXECUTE_FLOW_TRIGGER"",""fields"":[]}]"
